{"Afghanistan": 10.142857142857142, "Albania": 3.3333333333333335, "Algeria": 11.193548387096774, "Andorra": 6.181818181818182, "Angola": 21.68421052631579, "Anguilla": 25.0, "Antigua and Barbuda": 24.2}